country,continent,population,Cases,Recovered,Deaths,Tests,year,month,day_of_month,hour
178,0,6115.0,2166,2.0,2570.0,2226216.0,2024,6,30,16
73,6,3539.0,1930,1930.0,2570.0,8632.0,2024,6,30,16
143,4,4965.0,1403,1376.0,8.0,17762.0,2024,6,30,16
59,0,5797805.0,712,699.0,13.0,2226216.0,2024,6,30,16
230,3,799.0,29,29.0,2570.0,2226216.0,2024,6,30,16
234,0,626161.0,10,9.0,1.0,2226216.0,2024,6,30,16
124,0,5797805.0,9,7.0,2.0,2226216.0,2024,6,30,16
45,2,1448471400.0,503302,379053.0,5272.0,160000000.0,2024,6,30,16
215,5,1378.0,80,235145.5,2570.0,2226216.0,2024,6,30,16
182,4,5759.0,3452,2449.0,2.0,25400.0,2024,6,30,16
221,5,12066.0,2943,235145.5,1.0,2226216.0,2024,6,30,16
156,5,1622.0,1059,1056.0,2570.0,2226216.0,2024,6,30,16
153,4,6779100.0,18491,4225.0,225.0,2226216.0,2024,6,30,16
210,2,9957464.0,17786,17264.0,125.0,2226216.0,2024,6,30,16
60,0,1016097.0,15690,15427.0,189.0,305941.0,2024,6,30,16
86,4,56973.0,11971,2761.0,21.0,164926.0,2024,6,30,16
67,0,3662244.0,10189,10086.0,103.0,23693.0,2024,6,30,16
154,0,26083660.0,9931,8890.0,312.0,254538.0,2024,6,30,16
66,0,1496662.0,17229,16907.0,183.0,365697.0,2024,6,30,16
119,0,5305117.0,8090,7783.0,295.0,139824.0,2024,6,30,16
148,5,10903.0,5393,5347.0,1.0,20509.0,2024,6,30,16
40,4,26647.0,11682,10476.0,38.0,30126.0,2024,6,30,16
24,4,61939.0,18860,18685.0,165.0,1029558.0,2024,6,30,16
80,0,2558482.0,12626,12189.0,372.0,155686.0,2024,6,30,16
87,4,113475.0,19693,19358.0,238.0,182981.0,2024,6,30,16
47,0,907419.0,9109,8939.0,161.0,2226216.0,2024,6,30,16
91,0,2063367.0,9614,8929.0,177.0,145231.0,2024,6,30,16
42,0,17413580.0,7701,4874.0,194.0,191341.0,2024,6,30,16
229,5,321832.0,12019,11976.0,14.0,24976.0,2024,6,30,16
192,4,43966.0,11051,10905.0,92.0,62056.0,2024,6,30,16
233,5,10982.0,3550,438.0,8.0,20508.0,2024,6,30,16
202,4,9945.0,5507,235145.5,6.0,78646.0,2024,6,30,16
179,4,53871.0,6607,6559.0,48.0,126958.0,2024,6,30,16
213,2,1369429.0,23460,23102.0,138.0,278529.0,2024,6,30,16
112,5,123419.0,5085,2703.0,24.0,2226216.0,2024,6,30,16
33,0,22102838.0,22114,21596.0,400.0,248995.0,2024,6,30,16
121,3,38387.0,21574,235145.5,94.0,112457.0,2024,6,30,16
84,3,33704.0,20550,235145.5,113.0,534283.0,2024,6,30,16
199,0,11618511.0,18819,18115.0,147.0,410280.0,2024,6,30,16
140,3,39783.0,17181,235145.5,67.0,78646.0,2024,6,30,16
183,5,202239.0,17006,1605.0,31.0,187397.0,2024,6,30,16
216,5,107749.0,16950,15638.0,13.0,535009.0,2024,6,30,16
132,5,60057.0,16138,16121.0,17.0,2226216.0,2024,6,30,16
61,4,72344.0,16038,15964.0,74.0,229344.0,2024,6,30,16
35,0,5016678.0,15440,15200.0,113.0,81294.0,2024,6,30,16
181,4,39730.0,12324,235145.5,63.0,112382.0,2024,6,30,16
235,2,31154867.0,11945,9124.0,2159.0,329592.0,2024,6,30,16
203,4,111551.0,9674,9493.0,124.0,114197.0,2024,6,30,16
8,4,99509.0,9106,8954.0,146.0,18901.0,2024,6,30,16
190,0,8306436.0,7779,235145.5,126.0,259958.0,2024,6,30,16
30,4,30596.0,7392,235145.5,64.0,107339.0,2024,6,30,16
49,5,17571.0,7203,7150.0,2.0,19690.0,2024,6,30,16
185,0,227679.0,6778,6685.0,80.0,29600.0,2024,6,30,16
220,4,39741.0,6752,6709.0,40.0,616788.0,2024,6,30,16
163,5,18233.0,6290,6276.0,10.0,71434.0,2024,6,30,16
7,4,15230.0,3904,235145.5,12.0,51382.0,2024,6,30,16
53,4,165529.0,45986,44720.0,295.0,496693.0,2024,6,30,16
103,3,85732.0,38008,235145.5,116.0,150753.0,2024,6,30,16
41,4,67277.0,31472,8553.0,37.0,222773.0,2024,6,30,16
48,0,5797805.0,25375,24006.0,386.0,347815.0,2024,6,30,16
196,0,16841795.0,27334,13182.0,1361.0,400466.0,2024,6,30,16
136,0,286259.0,42027,235145.5,188.0,176919.0,2024,6,30,16
16,4,400516.0,38084,36366.0,844.0,257839.0,2024,6,30,16
11,4,107609.0,44224,42438.0,292.0,177885.0,2024,6,30,16
126,0,29178077.0,68486,66862.0,1426.0,531329.0,2024,6,30,16
36,0,567678.0,64477,63755.0,417.0,401622.0,2024,6,30,16
204,0,45992020.0,63993,58947.0,5046.0,562941.0,2024,6,30,16
134,0,4901981.0,63848,62471.0,997.0,1009957.0,2024,6,30,16
25,2,787941.0,62697,61564.0,21.0,2303734.0,2024,6,30,16
208,2,19364809.0,57743,54578.0,3165.0,146269.0,2024,6,30,16
34,0,12624840.0,54721,53569.0,38.0,345742.0,2024,6,30,16
189,0,99426.0,51220,51048.0,172.0,2226216.0,2024,6,30,16
79,0,2331533.0,49051,48674.0,307.0,1621909.0,2024,6,30,16
5,3,77463.0,48015,235145.5,165.0,249838.0,2024,6,30,16
166,5,9292169.0,46864,46168.0,670.0,249149.0,2024,6,30,16
211,0,63298550.0,43223,235145.5,846.0,2226216.0,2024,6,30,16
135,0,1274727.0,43025,41278.0,1051.0,358675.0,2024,6,30,16
214,0,8680837.0,39572,39281.0,290.0,815204.0,2024,6,30,16
90,0,13865691.0,38572,37757.0,468.0,660107.0,2024,6,30,16
118,0,2175699.0,36138,25980.0,723.0,431221.0,2024,6,30,16
93,4,11680283.0,34667,33734.0,860.0,132422.0,2024,6,30,16
72,3,49233.0,34658,235145.5,28.0,778000.0,2024,6,30,16
130,0,21473764.0,33164,32332.0,743.0,804909.0,2024,6,30,16
180,4,185113.0,30215,29805.0,410.0,210983.0,2024,6,30,16
23,0,12784726.0,28036,27847.0,163.0,604310.0,2024,6,30,16
125,2,667490.0,27673,3487.0,123.0,7850.0,2024,6,30,16
138,5,117489.0,26547,235145.5,65.0,82430.0,2024,6,30,16
184,3,34085.0,26185,26011.0,128.0,196855.0,2024,6,30,16
195,5,721159.0,25954,235145.5,199.0,2226216.0,2024,6,30,16
77,6,314169.0,98041,11254.0,420.0,651257.0,2024,6,30,16
43,3,176463.0,101717,101321.0,228.0,1252808.0,2024,6,30,16
114,2,6728271.0,206897,196406.0,2991.0,1907195.0,2024,6,30,16
74,5,909466.0,69117,67226.0,885.0,672883.0,2024,6,30,16
205,6,596831.0,82588,235145.5,1408.0,242207.0,2024,6,30,16
88,4,399794.0,203235,235145.5,1021.0,938039.0,2024,6,30,16
65,4,6550389.0,201855,179410.0,4230.0,2610114.0,2024,6,30,16
217,4,1406585.0,191496,187078.0,4390.0,913289.0,2024,6,30,16
129,2,540985.0,186694,163687.0,316.0,2213831.0,2024,6,30,16
147,0,2633874.0,172389,167099.0,4106.0,1062663.0,2024,6,30,16
225,0,48432863.0,172149,100431.0,3632.0,3012408.0,2024,6,30,16
83,0,32395450.0,171889,170425.0,1462.0,2541625.0,2024,6,30,16
107,4,2985094.0,156869,235145.5,3756.0,1183986.0,2024,6,30,16
37,2,17168639.0,139103,136044.0,3056.0,3091420.0,2024,6,30,16
176,0,13600464.0,133518,132039.0,1468.0,6021981.0,2024,6,30,16
38,0,27911548.0,125379,123280.0,1974.0,1751774.0,2024,6,30,16
131,3,444033.0,121420,120149.0,885.0,2170600.0,2024,6,30,16
19,4,288023.0,110578,108647.0,648.0,814159.0,2024,6,30,16
6,0,35027343.0,107327,103419.0,1937.0,1499795.0,2024,6,30,16
57,0,95240792.0,99338,84489.0,1468.0,846704.0,2024,6,30,16
127,0,20180839.0,89535,235145.5,2686.0,624784.0,2024,6,30,16
187,0,17653671.0,89053,87024.0,1971.0,1146543.0,2024,6,30,16
106,0,27742298.0,88384,87497.0,835.0,1690934.0,2024,6,30,16
151,5,290915.0,80064,235145.5,314.0,98964.0,2024,6,30,16
78,5,284164.0,79254,235145.5,650.0,2226216.0,2024,6,30,16
69,0,1184817.0,75191,73116.0,1427.0,1048704.0,2024,6,30,16
92,6,794045.0,74137,72013.0,1300.0,733218.0,2024,6,30,16
22,4,412190.0,71409,235145.5,688.0,576016.0,2024,6,30,16
20,3,9432800.0,994037,985592.0,7118.0,13646641.0,2024,6,30,16
231,6,29266991.0,552695,546537.0,5856.0,3359014.0,2024,6,30,16
64,0,106156692.0,516023,442182.0,24613.0,3693367.0,2024,6,30,16
228,2,34382084.0,253662,241486.0,1637.0,1377915.0,2024,6,30,16
172,2,2979915.0,514524,513687.0,690.0,4065369.0,2024,6,30,16
63,6,18113361.0,1070188,1034145.0,36043.0,3082403.0,2024,6,30,16
222,2,10081785.0,1067030,235145.5,2349.0,200732262.0,2024,6,30,16
165,4,4446964.0,1059893,1051102.0,8727.0,7882622.0,2024,6,30,16
227,6,3496016.0,1041111,1030944.0,7664.0,6114822.0,2024,6,30,16
141,2,3378078.0,1011496,1009212.0,2284.0,4030048.0,2024,6,30,16
149,2,30225582.0,1003450,991322.0,12031.0,6047766.0,2024,6,30,16
116,3,1848837.0,982505,971406.0,6715.0,7885792.0,2024,6,30,16
186,2,35844909.0,841469,235145.5,9646.0,45481735.0,2024,6,30,16
167,6,7305843.0,837602,235145.5,20155.0,2657506.0,2024,6,30,16
15,2,10300205.0,835234,824089.0,10400.0,7748050.0,2024,6,30,16
17,2,1783983.0,729549,727915.0,1574.0,10948549.0,2024,6,30,16
54,2,1223387.0,681110,679745.0,1365.0,9640118.0,2024,6,30,16
62,4,11056370.0,675890,671316.0,4384.0,3740928.0,2024,6,30,16
201,2,21575842.0,672754,655852.0,16897.0,6486117.0,2024,6,30,16
113,2,4380326.0,667158,235145.5,2570.0,8455743.0,2024,6,30,16
146,2,55227143.0,641873,620159.0,19495.0,11711514.0,2024,6,30,16
139,3,4013171.0,635145,235145.5,12218.0,3216305.0,2024,6,30,16
68,3,1321910.0,628070,235145.5,3001.0,6968103.0,2024,6,30,16
164,2,5345541.0,621008,615445.0,5404.0,3078533.0,2024,6,30,16
120,0,7040745.0,507274,500835.0,6437.0,2483848.0,2024,6,30,16
70,0,120812698.0,501157,488171.0,7574.0,5565340.0,2024,6,30,16
173,0,908061.0,494595,235145.5,921.0,1603660.0,2024,6,30,16
94,4,10221247.0,474590,235145.5,11165.0,1660662.0,2024,6,30,16
10,2,2971966.0,451831,435162.0,8777.0,3242901.0,2024,6,30,16
27,3,3249317.0,403615,379084.0,16388.0,1884721.0,2024,6,30,16
161,2,5323993.0,399449,235145.5,4628.0,25000000.0,2024,6,30,16
123,3,642371.0,391232,235145.5,1232.0,4587145.0,2024,6,30,16
158,3,2081304.0,350567,337068.0,9976.0,2226216.0,2024,6,30,16
236,0,19470234.0,349304,341316.0,4069.0,4112961.0,2024,6,30,16
111,0,56215221.0,344130,337309.0,5689.0,3967062.0,2024,6,30,16
31,2,445431.0,343719,243601.0,225.0,717784.0,2024,6,30,16
2,3,2866374.0,334863,330233.0,3605.0,1941032.0,2024,6,30,16
28,0,2441162.0,330638,327049.0,2801.0,2026898.0,2024,6,30,16
142,3,627950.0,296542,291794.0,2846.0,2769281.0,2024,6,30,16
3,0,45350148.0,272010,183061.0,6881.0,230960.0,2024,6,30,16
155,0,216746934.0,267188,259953.0,3155.0,5708974.0,2024,6,30,16
237,0,15331428.0,266359,258888.0,5740.0,2525756.0,2024,6,30,16
0,2,40754388.0,234174,211080.0,7996.0,1390730.0,2024,6,30,16
145,0,33089461.0,233731,228805.0,2250.0,1371127.0,2024,6,30,16
133,4,374087.0,230354,235145.5,1102.0,828928.0,2024,6,30,16
115,2,7481023.0,218970,235145.5,758.0,1233207.0,2024,6,30,16
97,3,345393.0,209906,235145.5,229.0,1996384.0,2024,6,30,16
56,2,25990679.0,4772813,4772739.0,74.0,2226216.0,2024,6,30,16
109,2,10300869.0,1746997,1731007.0,14122.0,17201885.0,2024,6,30,16
197,0,60756135.0,4076463,3912506.0,102595.0,26795090.0,2024,6,30,16
110,2,19205043.0,1411831,1383020.0,13848.0,11575012.0,2024,6,30,16
226,3,43192122.0,5557995,5445577.0,112418.0,32603805.0,2024,6,30,16
170,3,37739785.0,6661991,235145.5,120598.0,39323709.0,2024,6,30,16
46,6,51512762.0,6400173,6212152.0,143200.0,36951507.0,2024,6,30,16
85,3,10316637.0,6101379,235145.5,37869.0,102228365.0,2024,6,30,16
14,3,9066710.0,6081287,6054934.0,22542.0,211273524.0,2024,6,30,16
171,3,10140570.0,5643062,5614809.0,28126.0,46139518.0,2024,6,30,16
44,6,19250195.0,5384853,5252450.0,64497.0,50382097.0,2024,6,30,16
128,2,33181072.0,5278406,5233268.0,37348.0,68580916.0,2024,6,30,16
39,4,38388419.0,4946090,4881312.0,59034.0,66572774.0,2024,6,30,16
21,3,11668278.0,4861695,4826798.0,34376.0,37454182.0,2024,6,30,16
104,2,9326000.0,4841772,4798473.0,12707.0,41373364.0,2024,6,30,16
212,2,70078203.0,4770149,4692636.0,34586.0,17273454.0,2024,6,30,16
55,3,10736784.0,4759041,4715206.0,43517.0,57834241.0,2024,6,30,16
168,6,33684208.0,4572667,4350506.0,222161.0,39010194.0,2024,6,30,16
207,3,8773637.0,4453053,4438309.0,14452.0,23833472.0,2024,6,30,16
169,2,112508994.0,4140383,4067381.0,66864.0,36102746.0,2024,6,30,16
174,3,19031335.0,3529735,3460149.0,68929.0,28758667.0,2024,6,30,16
58,3,5834950.0,3183756,3174942.0,8814.0,129333107.0,2024,6,30,16
191,2,5943546.0,3006155,3004131.0,2024.0,24756666.0,2024,6,30,16
95,2,7604299.0,2937609,2916005.0,14924.0,76127725.0,2024,6,30,16
206,3,10218971.0,2754129,2726492.0,27407.0,19500873.0,2024,6,30,16
152,5,4898203.0,2621111,2613791.0,5697.0,7768604.0,2024,6,30,16
188,3,8653016.0,2615054,2596608.0,18057.0,13463733.0,2024,6,30,16
101,2,42164965.0,2465545,2439497.0,25375.0,19544451.0,2024,6,30,16
96,3,9606259.0,2230232,2152155.0,49048.0,11394556.0,2024,6,30,16
18,2,167885689.0,2049377,235145.5,29493.0,15254399.0,2024,6,30,16
193,3,5460193.0,1877605,1856381.0,21224.0,7448789.0,2024,6,30,16
81,2,3968738.0,1861665,235145.5,17132.0,16920079.0,2024,6,30,16
102,3,5020199.0,1734582,1724921.0,9491.0,13083449.0,2024,6,30,16
162,2,229488994.0,1581936,1538689.0,30664.0,30589153.0,2024,6,30,16
75,3,5554960.0,1516117,1503989.0,11958.0,12108977.0,2024,6,30,16
159,3,5511370.0,1509732,1503094.0,6638.0,11002430.0,2024,6,30,16
122,3,2661708.0,1397806,1387478.0,9897.0,10540357.0,2024,6,30,16
194,3,2078034.0,1356546,1349424.0,7100.0,2847701.0,2024,6,30,16
32,3,6844597.0,1339851,1292944.0,38748.0,11671043.0,2024,6,30,16
51,3,4059286.0,1309728,1258432.0,18687.0,5660084.0,2024,6,30,16
89,4,18584039.0,1291293,1269891.0,20289.0,7593848.0,2024,6,30,16
144,0,37772756.0,1278992,235145.5,16303.0,13001033.0,2024,6,30,16
117,2,6684849.0,1243838,1087587.0,10952.0,4795578.0,2024,6,30,16
50,4,5182354.0,1238883,235145.5,9428.0,4659757.0,2024,6,30,16
26,6,11992656.0,1212131,1177145.0,22407.0,2710261.0,2024,6,30,16
218,0,12046656.0,1153361,235145.5,29423.0,5013383.0,2024,6,30,16
52,4,11305652.0,1115251,1106660.0,8530.0,14402674.0,2024,6,30,16
200,3,46719142.0,13914811,13762417.0,121760.0,471036328.0,2024,6,30,16
157,4,5797805.0,131889132,127665129.0,1695941.0,2226216.0,2024,6,30,16
12,2,5797805.0,221500265,205673091.0,1553662.0,2226216.0,2024,6,30,16
71,3,5797805.0,253406198,248754104.0,2101824.0,2226216.0,2024,6,30,16
198,6,5797805.0,70200879,66683585.0,1367332.0,2226216.0,2024,6,30,16
160,5,5797805.0,14895771,14752388.0,33015.0,2226216.0,2024,6,30,16
1,0,5797805.0,12860924,12090808.0,258892.0,2226216.0,2024,6,30,16
4,1,5797805.0,704753890,675619811.0,7010681.0,2226216.0,2024,6,30,16
224,4,334805269.0,111820082,109814428.0,1219487.0,1186851502.0,2024,6,30,16
98,2,1406631776.0,45035393,235145.5,533570.0,935879495.0,2024,6,30,16
76,3,65584518.0,40138560,39970918.0,167642.0,271490188.0,2024,6,30,16
82,3,83883596.0,38828995,38240600.0,183027.0,122332384.0,2024,6,30,16
29,6,215353593.0,38743918,36249161.0,711380.0,63776166.0,2024,6,30,16
177,2,51329899.0,34571873,34535939.0,35934.0,15804065.0,2024,6,30,16
108,2,125584838.0,33803572,235145.5,74694.0,100414883.0,2024,6,30,16
105,3,60262770.0,26723249,26361218.0,196487.0,281126449.0,2024,6,30,16
223,3,68497907.0,24910387,24678275.0,232112.0,522526476.0,2024,6,30,16
175,3,145805947.0,24124215,23545818.0,402756.0,273400000.0,2024,6,30,16
219,2,85561976.0,17232066,235145.5,102174.0,162743369.0,2024,6,30,16
13,5,26068792.0,11853144,11820014.0,24414.0,81916639.0,2024,6,30,16
232,2,98953541.0,11625195,10640971.0,43206.0,85826548.0,2024,6,30,16
209,2,23888595.0,10241523,10222518.0,19005.0,30742304.0,2024,6,30,16
9,6,46010234.0,10128845,9997258.0,130841.0,35716069.0,2024,6,30,16
150,3,17211447.0,8635786,8612599.0,22992.0,25984435.0,2024,6,30,16
137,4,131562772.0,7702809,6899865.0,334958.0,20013810.0,2024,6,30,16
100,2,86022837.0,7627186,235145.5,146811.0,57320267.0,2024,6,30,16
99,2,279134505.0,6829221,6647104.0,162063.0,114158919.0,2024,6,30,16
